Metric,Value
R2,0.8306135071712656
MAE,0.0839333333333317
MSE,0.015565340740740442
RMSE,0.12476113473650535
